,month_year,number_of_eo,sort_index
110,8_2024,14,20
45,9_2024,14,21
131,10_2024,14,22
75,11_2024,14,23
5,12_2024,29,24
133,1_2025,29,25
37,2_2025,29,26
32,3_2025,29,27
132,4_2025,29,28
113,5_2025,29,29
23,6_2025,44,30
107,7_2025,44,31
102,8_2025,44,32
108,9_2025,44,33
83,10_2025,44,34
61,11_2025,44,35
80,12_2025,53,36
87,1_2026,53,37
56,2_2026,53,38
88,3_2026,53,39
27,4_2026,53,40
114,5_2026,53,41
51,6_2026,53,42
0,7_2026,53,43
10,8_2026,53,44
52,9_2026,53,45
136,10_2026,53,46
15,11_2026,53,47
105,12_2026,60,48
119,1_2027,60,49
36,2_2027,60,50
111,3_2027,60,51
135,4_2027,60,52
4,5_2027,60,53
130,6_2027,60,54
91,7_2027,60,55
70,8_2027,60,56
124,9_2027,60,57
120,10_2027,60,58
82,11_2027,60,59
11,12_2027,60,60
22,1_2028,60,61
106,2_2028,60,62
98,3_2028,60,63
41,4_2028,60,64
31,5_2028,60,65
7,6_2028,60,66
116,7_2028,60,67
12,8_2028,60,68
93,9_2028,60,69
59,10_2028,60,70
69,11_2028,60,71
33,12_2028,60,72
118,1_2029,60,73
100,2_2029,60,74
34,3_2029,60,75
66,4_2029,60,76
115,5_2029,60,77
77,6_2029,60,78
68,7_2029,60,79
89,8_2029,60,80
60,9_2029,60,81
99,10_2029,60,82
46,11_2029,60,83
63,12_2029,60,84
78,1_2030,60,85
55,2_2030,60,86
129,3_2030,60,87
79,4_2030,60,88
24,5_2030,60,89
71,6_2030,60,90
17,7_2030,60,91
50,8_2030,60,92
103,9_2030,60,93
44,10_2030,60,94
18,11_2030,60,95
2,12_2030,60,96
94,1_2031,60,97
121,2_2031,60,98
26,3_2031,60,99
125,4_2031,60,100
126,5_2031,60,101
29,6_2031,60,102
90,7_2031,60,103
30,8_2031,60,104
67,9_2031,60,105
54,10_2031,60,106
122,11_2031,60,107
43,12_2031,62,108
112,1_2032,62,109
3,2_2032,62,110
48,3_2032,62,111
57,4_2032,62,112
109,5_2032,62,113
84,6_2032,62,114
104,7_2032,62,115
72,8_2032,62,116
47,9_2032,62,117
81,10_2032,62,118
39,11_2032,62,119
49,12_2032,62,120
19,1_2033,62,121
21,2_2033,62,122
74,3_2033,62,123
73,4_2033,62,124
86,5_2033,62,125
9,6_2033,62,126
13,7_2033,62,127
1,8_2033,62,128
6,9_2033,62,129
53,10_2033,62,130
8,11_2033,62,131
20,12_2033,62,132
117,1_2034,62,133
38,2_2034,62,134
25,3_2034,62,135
28,4_2034,62,136
92,5_2034,62,137
65,6_2034,62,138
35,7_2034,62,139
134,8_2035,18,140
58,8_2034,62,140
16,9_2034,48,141
101,10_2034,48,142
62,11_2034,48,143
123,12_2034,48,144
64,1_2035,33,145
40,2_2035,33,146
128,3_2035,33,147
42,4_2035,33,148
14,5_2035,33,149
95,6_2035,33,150
97,7_2035,18,151
96,9_2035,18,152
127,10_2035,18,153
85,11_2035,18,154
76,12_2035,18,155
